DUNS Name,Customer Name,Customer Type,Gender,Ethnicity Name,Diversity Score
14315 MIDWAY ROAD ADDISON LLC,BRETT DOODY - MANAGING MEMBER,Leader,Male,Black or African American,2
"18 Greenwich Avenue, LLC",CINDY BYUN - MANAGING MEMBER,Leader,Female,Black or African American,5
1st Call Services Inc.,GEORGE MOONEY - PRESIDENT,Leader,Male,Black or African American,2
"247 Brightstar Healthcare, LLC",SHELLY SUN - MBR,Leader,Female,Black or African American,5
3J INTERNATIONAL LTD. CO.,JIANMING HE - PRESIDENT,Leader,Male,Black or African American,2
921 Lititz Pike Incorporated,BARRY HOGAN - PRESIDENT,Leader,Male,Black or African American,2
"A & A Consultants, Inc.",AL AHMED - PRESIDENT,Leader,Male,Black or African American,2
"A & A HOMEBUILDERS, INC.",JEAN ALT - PRESIDENT,Leader,Male,Black or African American,2
A & A OF N.C. INC,ALY ABUALIEEN - PRESIDENT,Leader,Male,Black or African American,2
A & M PORTABLES INC,EFFIE BIRD - PRESIDENT,Leader,Female,Black or African American,5
A & S INTERNATIONAL INC.,TAUQIR AHMED - PRESIDENT,Leader,Male,Black or African American,2
A F E Industries Inc.,FRED ELHAMI - PRES,Leader,Male,Black or African American,2
A It's Laugh Productions Inc,AMANDA C RAMEY - CHIEF EXECUTIVE OFFICER,Leader,Female,Black or African American,5
"A. & J. Food Wholesalers, Inc.",MOUSTAFA ELNAGDY - PRESIDENT,Leader,Male,Black or African American,2
A. D. M. Corporation,MARY MOTA - CHAIRMAN OF THE BOARD,Leader,Female,Black or African American,5
A.O. INC.,DIANE WHITE - PRESIDENT,Leader,Female,Black or African American,5
"A2 Biotherapeutics, Inc.",SASHA ALEXANDER KAMB - CHIEF EXECUTIVE OFFICER,Leader,Female,Black or African American,5
"AAA PAVING & EXCAVATING, INC.",AARON MOATS - PRESIDENT,Leader,Male,Black or African American,2
"Abh Nature's Products, Inc.",JAHIRUL ISLAM - PRESIDENT,Leader,Male,Black or African American,2
Abilene Regional Mhmr Center,JENNIFER GOODE - CHIEF EXECUTIVE OFFICER,Leader,Female,Black or African American,5
AC HEALTH INC,SARAH AHMED - PRINCIPAL,Leader,Female,Black or African American,5
"ACCELERATED HOMECARE SERVICES, INC.",MICHELLE MAY - OWNER,Owner,Female,Black or African American,5
"Accucom Technical Services, Inc.",HENRY SO - CHIEF EXECUTIVE OFFICER,Leader,Male,Black or African American,2
"ACE INDUSTRIES, INC.",BOBBY YOO - CHIEF EXECUTIVE OFFICER,Leader,Male,Black or African American,2
"ACE POWER, LLC",SA REISKY DEDUBNIC - CHIEF EXECUTIVE OFFICER,Leader,Female,Black or African American,5
"Ace Specialties, L.L.C.",CHRISTL PITRE MAHFOUZ - MANAGING MEMBER,Leader,Female,Black or African American,5
ACORN VETERINARY CLINIC,SALLY BORGIS - OWNER,Owner,Female,Black or African American,5
ACTIVE CHEMICAL CORPORATION,JANET WHITE - PRES,Leader,Female,Black or African American,5
Active Electrical Supply Company,LINDA FOX - PRES,Leader,Female,Black or African American,5
"ACUTEK US, INC.",JENI YOO - PRESIDENT,Leader,Female,Black or African American,5
"AD-MAR PROPERTIES, LLC",AHMED YANOURI - MBR-PRES,Leader,Male,Black or African American,2
Advance Home Care LLC,SAED MOHAMED - MBR-CEO,Leader,Male,Black or African American,2
"Advanced C4 Solutions, Inc.",NORMAN J ABDALLAH - CEO,Leader,Male,Black or African American,2
"ADVANCED COOLING TECHNOLOGIES, INC.",CATHY HE - PRESIDENT,Leader,Female,Black or African American,5
"Advanced Electrical Systems, Inc.",EVELYN STRANGE - PRESIDENT,Leader,Female,Black or African American,5
"Advanced Engineering Solutions, Inc.",KHANG DO - PRESIDENT,Leader,Male,Black or African American,2
"Advanced Health Care, Inc.",RONALD G BODE - PRES-CEO,Leader,Male,Black or African American,2
"Advanced Home Health and Hospice, Inc.",ANGELA SEHR - CHIEF EXECUTIVE OFFICER,Leader,Female,Black or African American,5
"Advanced Home Health, Inc.",ANGELA SEHR - PRESIDENT,Leader,Female,Black or African American,5
Advanced Pro Home Care Inc,SHARON BIRD - PRESIDENT,Leader,Female,Black or African American,5
Advanced Uv Inc,KIYOMITSU KEVIN TOMA - CHIEF EXECUTIVE OFFICER,Leader,Male,Black or African American,2
"ADVERTISENG PARTNERS, LLC",KYLE ENG - MEMBER,Leader,Male,Black or African American,2
"Affiliated Fox Group, Inc.",SUSAN J FOX - CHIEF EXECUTIVE OFFICER,Leader,Female,Black or African American,5
AFRICA 2000,NDIAGA P LO - PRESIDENT,Leader,Male,Black or African American,2
"Agape Plastics, Inc.",CYNTHIA ALT - CHIEF EXECUTIVE OFFICER,Leader,Female,Black or African American,5
Agro Land & Cattle Co Inc,SALLY BIRHEM - MANAGER,Leader,Female,Black or African American,5
Ah Computer Consulting Inc.,HEBA ELARABY - PRINCIPAL,Leader,Female,Black or African American,5
"Ai Engineers, Inc.",ABUL A ISLAM - PRES,Leader,Male,Black or African American,2
"AIA Engineers, Ltd.",ASHRAF ISLAM - PRES,Leader,Male,Black or African American,2
"AIOOKI USA, INC",LAM SUN - CHIEF EXECUTIVE OFFICER,Leader,Male,Black or African American,2
Akron Citicenter Hotel LLC,MOHAMED SAHEID - MEMBER,Leader,Male,Black or African American,2
Al Razaq Computing Services,MOHAMED I ISCANDRI - OWNER,Owner,Male,Black or African American,2
"Albar Industries, Inc.",EDWARD A MAY - PRESIDENT,Leader,Male,Black or African American,2
"ALIA EZZIDDIN, D.M.D., P.C.",ALIA EZZIDDIN - OWNER,Owner,Female,Black or African American,5
Alken Industries Inc.,TAMI SENIOR - PRESIDENT,Leader,Female,Black or African American,5
"ALL AMERICAN PROPANE, INC.",CAROLE START - PRES,Leader,Female,Black or African American,5
"All Temperatures Controlled, Inc.",GEORGE MEGO - PRESIDENT,Leader,Male,Black or African American,2
"ALLEGUEZ ARCHITECTURE, INC.",ANA ALLEGUEZ - PRESIDENT,Leader,Female,Black or African American,5
"Allied Physicians of Michiana, LLC",SHERY ROUSSARIE - CEO,Leader,Female,Black or African American,5
"ALTUM CAPITAL MANAGEMENT, LLC",MARJORIE HOGAN - CHIEF EXECUTIVE OFFICER,Leader,Female,Black or African American,5
Alutiiq Harbor Offshore JV,KENTRIL WHITE - PRIN,Leader,Female,Black or African American,5
American Business Corporation LLC,JACKIE BACK - MNG MGR-PRES,Leader,Female,Black or African American,5
AMERICAN CHARTER SERVICES LLC,VICTOR MONES - MANAGING MEMBER,Leader,Male,Black or African American,2
"AMERICAN DEFENSE COMPONENTS, L.L.C.",MATT BARAGA - PRINCIPAL,Leader,Male,Black or African American,2
"AMERICAN INTERNATIONAL DISTRIBUTORS, LLC",GARY BIRD - MNG DIR,Leader,Male,Black or African American,2
"AMERICAN MATERIAL SERVICES, INC.",SUSAN HANEY - PRESIDENT,Leader,Female,Black or African American,5
"American Miniature Bearings, Inc",EDWARD OSTA - CHIEF FINANCIAL OFFICER,Leader,Male,Black or African American,2
American Paper Converting Inc.,LYDIA WORK - PRES,Leader,Female,Black or African American,5
AMERICAN SCHOOL HEALTH ASSOCIATION,LINDA MORSE - PRESIDENT,Leader,Female,Black or African American,5
"AMERICAN SIERRA METALS, LLC",TIE HE - MEMBER,Leader,Female,Black or African American,5
American Technical Associates Inc,WILLIAM WHITE - PRESIDENT,Leader,Male,Black or African American,2
AMIGO LLC,MICHAEL GOODE - PRESIDENT,Leader,Male,Black or African American,2
"AN EXTERIOR, INC.",SE WOONG AN - PRESIDENT,Leader,Male,Black or African American,2
AN RAY ENTP,RAY AN - PRINCIPAL,Leader,Male,Black or African American,2
ANA B SIMERLEIN DDS,ANA SIMERLEIN DDS - OWNER,Owner,Female,Black or African American,5
Apec Water Systems,ELAINE LO - CHIEF EXECUTIVE OFFICER,Leader,Female,Black or African American,5
"Appalachian Pipe Distributors, LLC",MICHAEL FOX - MANAGING MEMBER,Leader,Male,Black or African American,2
"ARCH & COMPANY, INC.",DOLORES ARCH - PRESIDENT,Leader,Female,Black or African American,5
ARROW INSPECTIONS AND TESTING INC,RENE MORA - CHIEF EXECUTIVE OFFICER,Leader,Male,Black or African American,2
Artistic Beauty Colleges,SANDRA MYRO - OWNER,Owner,Female,Black or African American,5
"Arzo, Inc.",MIRANDA MOODY - PRESIDENT,Leader,Female,Black or African American,5
Asb Resources,MOHAMED BAKERYWALA - MBR,Leader,Male,Black or African American,2
Ash & White Construction Co.,TIMOTHY L WHITE - PRESIDENT,Leader,Male,Black or African American,2
Asoft Global Solutions,APARNA KOKA - CHIEF EXECUTIVE OFFICER,Leader,Female,Black or African American,5
"Assertive Security Services & Consulting Group, Inc.",MARYAM AYAM - PRESIDENT,Leader,Female,Black or African American,5
"ASSOCIATED PROPERTY MANAGEMENT, INC.",PAM NABEL - PRESIDENT,Leader,Female,Black or African American,5
Assured Nursing Inc,NORA VANDAGRIFFT - CHIEF EXECUTIVE OFFICER,Leader,Female,Black or African American,5
"Asthma and Allergy Center, LLC",DJIEN H SO - MEMBER,Leader,Male,Black or African American,2
"AT YOUR TREE SERVICE, INC.",JANET E WHITE - PRESIDENT,Leader,Female,Black or African American,5
"ATELIER DEVELOPMENT COMPANY, INC.",CURTIS RO - PRESIDENT,Leader,Male,Black or African American,2
"Atlanta Rod & Manufacturing, Inc.",JOHN WHITE - PRESIDENT,Leader,Male,Black or African American,2
Atlantic Biologicals Corp.,KAREN L MOODY - PRES,Leader,Female,Black or African American,5
"Atlantic Coast Automotive, Inc.",FAISAL AHMED - PRES,Leader,Male,Black or African American,2
ATLANTIC TRANSPORTATION & COACHES LLC,HOSS OSKOUIE - MANAGING MEMBER,Leader,Male,Black or African American,2
ATLANTIX PARTNERS LLC,ALEXANDRA MORES - PRESIDENT,Leader,Female,Black or African American,5
"Atlas Switch Co., Inc.",GINA PARADISE - PRESIDENT,Leader,Female,Black or African American,5
"Atlas Terminals, Inc.",EDUARDO AFRICANO - PRESIDENT,Leader,Male,Black or African American,2
"AUMAN LANDSCAPE, LLC",BRITTANY AUMAN - PRESIDENT,Leader,Female,Black or African American,5
"Auto-Chlor System of Denver, Inc.",DIANE WHITE - PRESIDENT,Leader,Female,Black or African American,5
"AVATAR MACHINE, LLC",LIEM DO - MEMBER,Leader,Male,Black or African American,2
"Avaxia Biologics, Incorporated",BARBARA S FOX - CHIEF EXECUTIVE OFFICER,Leader,Female,Black or African American,5
"Avr Management Consultants, Inc.",KATHRYN AMENT - PRESIDENT,Leader,Female,Black or African American,5
B & R Farm Labor Contractor,BIRTHA DELARA - OWNER,Owner,Female,Black or African American,5
B P S SUPPLY COMPANY INC,DAVID STRANGE - PRESIDENT,Leader,Male,Black or African American,2
Balaji Trading Inc,MUKESH BATTA - CHIEF EXECUTIVE OFFICER,Leader,Male,Black or African American,2
Bank of The Orient,ERNEST L GO - CHB-CEO,Leader,Male,Black or African American,2
Banks Finley White & Co,JAMES C WHITE - OWNER,Owner,Male,Black or African American,2
"BARCLAY SANITARY SUPPLIES, LTD.",KARI C HUS - CHIEF EXECUTIVE OFFICER,Leader,Female,Black or African American,5
"BARKLEIGH PRODUCTIONS, INC.",SALLY J LIDDICK - PRESIDENT,Leader,Female,Black or African American,5
Barton Mutual Insurance Company,SALLY FAST - PRESIDENT,Leader,Female,Black or African American,5
"BASKO DERMATOLOGY, LLC",JULIANA BASKO-PLLUSKA - MANAGING MEMBER,Leader,Female,Black or African American,5
Bayside Resort,NADIRA AHMED - PRESIDENT,Leader,Female,Black or African American,5
"BEEHIVE STORAGE, L.C.",DOUGLAS WHITE - MEMBER,Leader,Male,Black or African American,2
Bella Mari's Restaurant,MAGDY TOWFELESS - OWNER,Owner,Male,Black or African American,2
"Benco Steel, Inc.",JUDY HERMAN WHITE - PRESIDENT,Leader,Female,Black or African American,5
"BENJAMIN LITHO, INC.",RONALD HABIT - PRESIDENT,Leader,Male,Black or African American,2
BENNETT - MOODY CPA PC,BENNETT MOODY - PRINCIPAL,Leader,Male,Black or African American,2
"BENNETT INDUSTRIES, INC.",CHRISTIE LO - PRESIDENT,Leader,Female,Black or African American,5
"Big Elk Energy Systems, LLC",GEOFFREY HAGER - GENERAL MANAGER,Leader,Male,Black or African American,2
"Bio-Kinetic Clinical Applications, LLC",MARK SLAMA - MEMBER,Leader,Male,Black or African American,2
"BIRD INDUSTRIES, INC.",LAURA J BIRD - PRESIDENT,Leader,Female,Black or African American,5
"Bis Automation, Inc.",JOHN WHITE - CHIEF EXECUTIVE OFFICER,Leader,Male,Black or African American,2
"Black Industrial & Safety Supply, Inc.",AMANDA ZENGER - PRESIDENT,Leader,Female,Black or African American,5
"BLISS PHOTOGRAPHY, LLC",CAROL WHITE - OWNER,Owner,Female,Black or African American,5
BLUE AIR COMMERCIAL REFRIGERATION INC.,WILLIAM C SO - CHIEF EXECUTIVE OFFICER,Leader,Male,Black or African American,2
"BOBCAT MULTI WORKS, LLC",AUDREY MOODY - OWNER,Owner,Female,Black or African American,5
"Boles Heating & Air Conditioning Supply, Inc.",JOEY BOLES - PRES,Leader,Male,Black or African American,2
Boston Field & Focus Inc,SHIRLEY SHAMES - PRES,Leader,Female,Black or African American,5
"BOULEVARD PHASE II MANAGER, LLC",SUE MOODY - OWNER,Owner,Female,Black or African American,5
Bright Star Health Care Inc,SHELLY SUN - PRESIDENT,Leader,Female,Black or African American,5
BRISTOL DESIGN BUILD SERVICES LLC,BEN ENGLISH - MBR,Leader,Male,Black or African American,2
"Brookway Horticultural Services, Inc.",LARONDA WHITE - PRESIDENT,Leader,Female,Black or African American,5
"BROTEN GARAGE DOOR SALES, LLC",KRISTE LAMAY - MEMBER,Leader,Female,Black or African American,5
"Buffalo Electric Wholesale, Inc.",YONG K YOO - CHIEF EXECUTIVE OFFICER,Leader,Male,Black or African American,2
Builders Book Inc,OUSSA AWAD - PRESIDENT,Leader,Male,Black or African American,2
BURLINGTON ENGLISH INC.,ZEVI ABER - PRESIDENT,Leader,Male,Black or African American,2
"C T SPORTS, INC.",CURTIS WHITE - PRES,Leader,Male,Black or African American,2
"C.O.A. Virginia, Inc.",NICHOLAS AN - PRESIDENT,Leader,Male,Black or African American,2
"Cabrillo Enterprises, Inc.",JUAN H LOZA - CEO,Leader,Male,Black or African American,2
"Camino Financial, Inc.",MARISOL LOZA - PRINCIPAL,Leader,Female,Black or African American,5
CANALTA ENTERPRISES LLC,MARYANNE MAH-THRONDSON - CHIEF EXECUTIVE OFFICER,Leader,Female,Black or African American,5
CAPERS CAFE & CATERING CO INC,ANNETTE JOLY - PRESIDENT,Leader,Female,Black or African American,5
"CAPITAL HOME HEALTH CARE, INC.",LORRAINE FOX - PRESIDENT,Leader,Female,Black or African American,5
Caravan Kids Catering,NANCY CLOSE - OWNER,Owner,Female,Black or African American,5
CAREY BROTHERS PARTNERSHIP,DEVON L CAREY DO - OWNER,Owner,Male,Black or African American,2
"Carmel Chrysler Jeep Dodge, Inc.",FERNANDO FALCON - PRESIDENT,Leader,Male,Black or African American,2
CAROL AND ASSOCIATES,CAROLE WHITE - PRESIDENT,Leader,Female,Black or African American,5
"Cascade Gasket & Manufacturing Co., Inc.",TED PILOT - CHIEF EXECUTIVE OFFICER,Leader,Male,Black or African American,2
"CASETECH, INC.",JESSICA WHITE - CHIEF EXECUTIVE OFFICER,Leader,Female,Black or African American,5
"Caspian Commercial Plumbing, Inc.",ANAHIT ALEXANDRIAN - PRESIDENT,Leader,Female,Black or African American,5
"CB Flooring, LLC",CAROL BODE - PRES,Leader,Female,Black or African American,5
"Center For Disease Detection, LLC",CARLOS ROCA - CHIEF EXECUTIVE OFFICER,Leader,Male,Black or African American,2
Cerebra Consulting Inc,SIVA POLA - PRESIDENT,Leader,Male,Black or African American,2
"Cetis, Inc.",BING SUN - CEO,Leader,Female,Black or African American,5
Chaduxtt JV,MICHAEL J WANTA - PRESIDENT,Leader,Male,Black or African American,2
Chaise Sdn Group LLC,NATALIE MAY - MANAGING MEMBER,Leader,Female,Black or African American,5
Chemicals Incorporated,ASHOK MOZA - PRES,Leader,Male,Black or African American,2
"Cherokee Nation Industries, L.L.C.",CHRIS MOODY - PRES/ COO,Leader,Male,Black or African American,2
"Cherokee Nation Operational Solutions, L.L.C.",CHRIS MOODY - CHIEF EXECUTIVE OFFICER,Leader,Male,Black or African American,2
"CHESAPEAKE TECHNOLOGY, INC.",EILEEN GANN - PRESIDENT,Leader,Female,Black or African American,5
"Chino-Latino, Inc.",MAY MAKANISHI - PRES,Leader,Female,Black or African American,5
Claassen White & Associates PC,RHONDA J WHITE - PRESIDENT,Leader,Female,Black or African American,5
"CLASS 1 CHILD CARE, INC.",JODIE ROONEY - DIRECTOR,Leader,Female,Black or African American,5
"Clayton D. Davenport Trucking, Inc.",BRENDA AMENT - PRESIDENT,Leader,Female,Black or African American,5
CLEARTECH MEDIA,CHRISTINA GWENLYN DE BONO - CHIEF EXECUTIVE OFFICER,Leader,Female,Black or African American,5
Clover Garments Inc.,FLORENCE LO - PRESIDENT,Leader,Female,Black or African American,5
"COA CENTRAL, INC.",STEPHEN AN - PRESIDENT,Leader,Male,Black or African American,2
COAST TO COAST AUTO/MARINE TRANSPORT INC.,KENNETH WHITE - OWNER,Owner,Male,Black or African American,2
"Coastal Auto Parts, Inc.",FAY BOLES - PRES-TREAS,Leader,Female,Black or African American,5
Coastal Tag & Label Inc,FRED ELHAMI - PRES,Leader,Male,Black or African American,2
"Coin Wrap, Inc.",SALLY STRINGWILSON - PRES,Leader,Female,Black or African American,5
"COLLEGE OF COURT REPORTING, INC.",JEFF MOODY - PRESIDENT,Leader,Male,Black or African American,2
"Collegiate Risk Management, Inc.",VONDA WHITE - PRESIDENT,Leader,Female,Black or African American,5
"COLUMBUS HILL CAPITAL MANAGEMENT, L.P.",KEVIN D ENG - MANAGING PARTNER,Leader,Male,Black or African American,2
"Comfort Care Partners, L.L.C.",ERIN WHITE - PRESIDENT,Leader,Female,Black or African American,5
Communication Support Services Inc,FANNIE B WHITE - PRESIDENT,Leader,Female,Black or African American,5
"Communications & Ear Protection, Inc.",BARBARA MOZO - PRESIDENT,Leader,Female,Black or African American,5
COMMUNITY CPA & ASSOCIATES INC,YING SA - PRESIDENT,Leader,Female,Black or African American,5
"CONCEPT SOFTWARE & SERVICES, INC.",ANKUR RANA - CHIEF EXECUTIVE OFFICER,Leader,Male,Black or African American,2
"Concept Solutions, L.L.C.",PHONG MAI - CHIEF EXECUTIVE OFFICER,Leader,Male,Black or African American,2
CONCOURSE MOTORS,IRMA HOGAN - PRESIDENT,Leader,Female,Black or African American,5
Connecticut Laminating Co Inc,HENRY S SNOW - PRESIDENT,Leader,Male,Black or African American,2
"Consolidated Telecom, Inc",WENDY FAST - PRESIDENT,Leader,Female,Black or African American,5
Continue Care,LINDA MAGEE - OWNER,Owner,Female,Black or African American,5
"Contract Associates, Inc.",MARIA GRIEGO RABY - PRESIDENT,Leader,Female,Black or African American,5
COOPERSTOWN BAT COMPANY,CONNIE HANEY - OWNER,Owner,Female,Black or African American,5
"COPYWORLD, INC.",KHAWAJA ASHRAF - PRESIDENT,Leader,Male,Black or African American,2
"Creative & Response Research Services, Inc.",ROBBIN JAKLIN - PRES,Leader,Male,Black or African American,2
Crystal Steel Fabricators Inc,WILLIAM LO - PRES,Leader,Male,Black or African American,2
"Custom Interface, Inc.",NANCY A WHITE - CHIEF EXECUTIVE OFFICER,Leader,Female,Black or African American,5
CUTTING EDGE COMMUNICATIONS LLC,ELIZABETH SHIER - MBR,Leader,Female,Black or African American,5
Cynthia Aber,CYNTHIA ABER - OWNER,Owner,Female,Black or African American,5
CYPRESS REALTY CORPORATION,STEVE DO - PRES,Leader,Male,Black or African American,2
"D & F BILLING, INC.",DYANNE FOX - PRESIDENT,Leader,Female,Black or African American,5
D & M SEAFOOD LLC,NEVEEN RANNA - PRESIDENT,Leader,Female,Black or African American,5
D.M.A. CONSULTING LLC,DAVID WHITE - PRESIDENT,Leader,Male,Black or African American,2
"DAN SOLUTIONS, INC.",LARRY AN - CHIEF FINANCIAL OFFICER,Leader,Male,Black or African American,2
"Ddk, Inc.",ELIE KARAM - CEO-CFO,Leader,Male,Black or African American,2
"De La Rosa, I Yvette",MARIA ELVA SOSA - OWNER,Owner,Female,Black or African American,5
"DEBORAH ANN MAGEE, P.C.",DEBORAH MAGEE - PRESIDENT,Leader,Female,Black or African American,5
"Delasoft, Inc",SATEESH DOLA - PRESIDENT,Leader,Male,Black or African American,2
DELTA WELDING & FABRICATION INC,VIRLEEN HAND - PRESIDENT,Leader,Female,Black or African American,5
"Devivo Ast, Inc",MICHELLE ENGLISH - CHIEF EXECUTIVE OFFICER,Leader,Female,Black or African American,5
"Dia Sales Company, Inc.",TIMOTHY JAMES MATOOK - PRESIDENT,Leader,Male,Black or African American,2
"Diamond Display Group, Inc.",TINA MCMILLAN SWEAT - PRESIDENT,Leader,Female,Black or African American,5
"Digital Intelligence Systems, LLC",MAHFUZ AHMED - CEO,Leader,Male,Black or African American,2
Discount Micro Sales,MINA BODAWALA - PRINCIPAL,Leader,Male,Black or African American,2
Diversified Protection Corporation,NATHANIEL WHITE - PRES,Leader,Male,Black or African American,2
Diversified Services Network Inc.,TAGHREED REFAI - PRESIDENT,Leader,Female,Black or African American,5
"Djb Contracting, Incorporated",DAVID BOO - PRESIDENT,Leader,Male,Black or African American,2
DK HANEY ROOFING INC,DUSTIN K HANEY - PRESIDENT,Leader,Male,Black or African American,2
Donald L Mooney Enterprises LLC,DONALD L MOONEY - CHIEF EXECUTIVE OFFICER,Leader,Male,Black or African American,2
"DPW TRAINING & ASSOCIATES, L.L.C.",DEIRDRE WHITE - MEMBER,Leader,Female,Black or African American,5
"DSH SIGNS, LLC",DOROTHY M HAGER - MANAGING MEMBER,Leader,Female,Black or African American,5
"DUBLIN ANIMAL HOSPITAL, INC.",MARY H MAY - PRESIDENT,Leader,Female,Black or African American,5
"DVL CONSULTING ENGINEERS, INC.",HECTOR MENA - PRES,Leader,Male,Black or African American,2
Dvr Softek Inc,HEMA DEVULAPALLI - PRESIDENT,Leader,Male,Black or African American,2
"Dynamic Hpc Consulting, LLC",GUIDION SAMA - MEMBER,Leader,Female,Black or African American,5
"Eagle Promotions, LLC",TERRY SEAN ONO - CHIEF EXECUTIVE OFFICER,Leader,Male,Black or African American,2
"EASHOU, INC.",AYAD MANSOUR - PRESIDENT,Leader,Male,Black or African American,2
"East Coast Lumber and Building Supply Company, Inc.",CHRISTINE LEWIS MORSE - PRESIDENT,Leader,Female,Black or African American,5
EASTERN MEDICAL SPECIALISTS PC,JENNIFER WHITE - PRESIDENT,Leader,Female,Black or African American,5
"EDEN PARK PEDIATRIC ASSOCIATES, LLP",JILL E VALUCH DO - PARTNER,Leader,Female,Black or African American,5
Edens Corporation,MELISSA MAGEE - CHIEF EXECUTIVE OFFICER,Leader,Female,Black or African American,5
EGL LANDSCAPING LLC,BRENDA WHITE - OWNER,Owner,Female,Black or African American,5
"EGYPTIAN, INC.",MINA KOLTA - PRESIDENT,Leader,Male,Black or African American,2
Eighty One Enterprise Inc.,MAY SAYPHRARAJ - PRESIDENT,Leader,Female,Black or African American,5
"Eip Manufacturing, L.L.C.",CARL STRONG - CHIEF EXECUTIVE OFFICER,Leader,Male,Black or African American,2
Eksa Inc.,LING SUN - CHIEF EXECUTIVE OFFICER,Leader,Female,Black or African American,5
"ELATION SYSTEMS, INC.",RICK SHI - CHIEF EXECUTIVE OFFICER,Leader,Male,Black or African American,2
"Element Biosciences, Inc.",MOLLY HE - CHIEF EXECUTIVE OFFICER,Leader,Female,Black or African American,5
Elite Energy,RICARDO DEW - PRINCIPAL,Leader,Male,Black or African American,2
"ELLINGTON PRINTERY, INC.",CAROL WHITE - PRESIDENT,Leader,Female,Black or African American,5
Embedded Works Corporation,ANDY T DO - PRESIDENT,Leader,Male,Black or African American,2
"Emergent Business Group, Inc.",BRUCE WHITE - PRESIDENT,Leader,Male,Black or African American,2
EMILY H DO OD,EMILY H DO - PRIN,Leader,Female,Black or African American,5
Emsi Engineering Inc.,RANYA SEOUD - CHIEF EXECUTIVE OFFICER,Leader,Female,Black or African American,5
"ENERGY FIELD SERVICES, LLC",SHERREL WHITE - MEMBER,Leader,Female,Black or African American,5
"Eng Flanders Group, Inc.",DONA LANE ENG - PRESIDENT,Leader,Female,Black or African American,5
"ENGINEERING 2 PRODUCTION, INC.",JAMES MAGEE - PRESIDENT,Leader,Male,Black or African American,2
ENGLISH DL DESIGN STUDIO,DEBORAH L ENGLISH - PRESIDENT,Leader,Female,Black or African American,5
English-El Enterprises LLC,CE ENGLISH-EL - MEMBER,Leader,Female,Black or African American,5
"Engy Southwest Container Products, Inc.",KENNETH LO - CHAIRMAN,Leader,Male,Black or African American,2
"ENVIRO-TECH SPECIALTIES, INC",MARY ANN FOX - PRESIDENT,Leader,Female,Black or African American,5
Erosion Control Specialist,TIFFANY WHITE - PRESIDENT,Leader,Female,Black or African American,5
ESSENTIAL HEALTH CARE SOLUTIONS INC,MARCIA WHITE - PRESIDENT,Leader,Female,Black or African American,5
Et Solar Power Inc.,AILI SUN - CHIEF EXECUTIVE OFFICER,Leader,Female,Black or African American,5
EVENT TEAM INC,ROWAN TICKERING - PRESIDENT,Leader,Female,Black or African American,5
Exporttek Inc.,JAMIL ASHOUR - PRES,Leader,Male,Black or African American,2
"EXPRESSMED, LLC",SALLY GARHART - OWNER,Owner,Female,Black or African American,5
Eyewatch Protection LLC,TEHLAIR STRONG - PRINCIPAL,Leader,Male,Black or African American,2
"E-Z Apparel, LLC",DAVID ZEI - MEMBER,Leader,Male,Black or African American,2
"F&B Concrete, LLC",NOVA GUYNES - MEMBER,Leader,Female,Black or African American,5
"Facility Services Management, Inc.",CAROLYN HAMBY - PRES,Leader,Female,Black or African American,5
FAIRFAX DEVELOPMENT CORP,BURNETTE MANARA - VICE-PRESIDENT,Leader,Male,Black or African American,2
FALCON INDUSTRIES LLC,JUDY MO - CHIEF OPERATING OFFICER,Leader,Female,Black or African American,5
"FALCON PERSPECTIVES, INC.",ELIZABETH TOMA - PRESIDENT,Leader,Female,Black or African American,5
"FALCON, INCORPORATED",BRUCE WHITE - PRESIDENT,Leader,Male,Black or African American,2
Family Ties Home Care Inc,JODI LAMER - CHIEF EXECUTIVE OFFICER,Leader,Female,Black or African American,5
Farah & Khzouz Inc,DIANE FARAH - PRESIDENT,Leader,Female,Black or African American,5
"Fast Distributing, Inc.",VERLYN FAST - PRES,Leader,Female,Black or African American,5
"Federal Custom Cable, LLC",JULIETTE KHAMIS - MEMBER,Leader,Female,Black or African American,5
"FERNANDEZ, FRAZER, WHITE & ASSOCIATES INC",DONALD WHITE - PRESIDENT,Leader,Male,Black or African American,2
Fidelis Corporation,MUKTA PANT - PRESIDENT,Leader,Female,Black or African American,5
"Filtronetics, Inc.",EDWARD HABER - PRESIDENT,Leader,Male,Black or African American,2
"Fins & Feathers Seafood and Poultry Market, Inc",CURTIS ENGLISH - PRESIDENT,Leader,Male,Black or African American,2
FIRST NATIONS COMMUNITY FINANCIAL,FRANCESCA BIRD - DIRECTOR,Leader,Female,Black or African American,5
Flair Investments Ltd,PATRICIA ELDEAN - OWNER,Owner,Female,Black or African American,5
"FLOWERS BY JODI, LLC",JODI WHITE - OWNER,Owner,Female,Black or African American,5
Fog Hill Market,HANA CHEDYAK - OWNER,Owner,Female,Black or African American,5
Fordoz Pharma Corp,XIN HE - CHIEF EXECUTIVE OFFICER,Leader,Female,Black or African American,5
FORTE' TECHNOLOGY INC.,PATRICIA R WHITE - PRESIDENT,Leader,Female,Black or African American,5
"FOUR PROCESS, LTD.",URSULA FOX - PRESIDENT,Leader,Female,Black or African American,5
"FOX AUTOMOTIVE, INC.",DIANE FOX - PRESIDENT,Leader,Female,Black or African American,5
"Fox Chrysler Dodge Jeep, Inc.",JANE C FOX - PRES,Leader,Female,Black or African American,5
"FOX HOLDINGS, INC.",JORDAN FOX - PRESIDENT,Leader,Male,Black or African American,2
"Fox Leasing, Inc.",MARY ANNE FOX - PRESIDENT,Leader,Female,Black or African American,5
"FOX PROPERTIES INTERNATIONAL, LTD.",KIMBERLY FOX - OWNER,Owner,Female,Black or African American,5
"FOX RENTAL MANAGEMENT ASSOCIATES, LLC",MICHELLE FOX - MANAGING MEMBER,Leader,Female,Black or African American,5
Fox Rentals,KATHY JOE FOX - OWNER,Owner,Female,Black or African American,5
"FOX, GLADYS R",GLADYS FOX - OWNER,Owner,Female,Black or African American,5
Fraternal Composite Service Inc.,CAROL WHITE - PRESIDENT,Leader,Female,Black or African American,5
FREMONT ANIMAL HOSPITAL I,MARGO R HOGAN - OWNER,Owner,Female,Black or African American,5
"Freska Produce International, LLC",JESUS LOZA - MNG MBR,Leader,Male,Black or African American,2
"FURLONG ASSOCIATES, LTD.",MOE NASR - PRESIDENT,Leader,Male,Black or African American,2
"Fusion Industries, LLC",RICHARD SOSA - MGR,Leader,Male,Black or African American,2
Future Unlimited Inc,GERALDINE MONER - PRESIDENT,Leader,Female,Black or African American,5
G B S Linens,PRAVIN MODY - PRES,Leader,Male,Black or African American,2
"G. R. Helm, Inc.",GORDON HELM - PRESIDENT,Leader,Male,Black or African American,2
"G1 Mechanical, Inc.",RENEE FRIENDLY GANT - PRES,Leader,Female,Black or African American,5
GANT ARCHITECTS INC.,JASON GANT - PARTNER,Leader,Male,Black or African American,2
"Garfield Nursing Home, Inc",ANN BAKAR - CEO,Leader,Female,Black or African American,5
Garrett Mechanical and Maintenance Inc,GARRY STRANGE - PRESIDENT,Leader,Male,Black or African American,2
"Gat-Airline Ground Support, Inc.",BOE L STRANGE - CEO,Leader,Male,Black or African American,2
"GEOFILL MATERIAL TECHNOLOGIES, LLC",HENRY JACK KARAM - MEMBER,Leader,Male,Black or African American,2
"George Cairo Engineering, Inc.",GEORGE CAIRO - PRESIDENT,Leader,Male,Black or African American,2
"GFXI, INC.",MICHAEL WHITE - PRINCIPAL,Leader,Male,Black or African American,2
"GI SUPPLY, INC.",ANNE SHEHAB - CHIEF EXECUTIVE OFFICER,Leader,Female,Black or African American,5
"GIL & JAS, LLC",JASMINE SUN - OWNER,Owner,Female,Black or African American,5
"Gilbert May, Inc.",GILBERT MAY - PRES,Leader,Male,Black or African American,2
Glevum Associates LLC,LISA HOGAN - MEMBER,Leader,Female,Black or African American,5
"Global Healthcare Partners, L.P.",ALAM AHMED - CHIEF EXECUTIVE OFFICER,Leader,Male,Black or African American,2
"Global Technical Talent, Inc.",BARRY FARAH - MNG MBR,Leader,Male,Black or African American,2
"GOLD LEAF FINE JEWELRY, LTD.",SALLY CERSULO - PRESIDENT,Leader,Female,Black or African American,5
Golden Arrow Construction Inc,JILL BIRD - PRESIDENT,Leader,Female,Black or African American,5
GREAT TIME TOURS LTD,MARIAM LOVINSOME - PRESIDENT,Leader,Female,Black or African American,5
Greater Cleveland Home Health Care Inc.,MOHAMED AHMED - PRINCIPAL,Leader,Male,Black or African American,2
"GREEN MEADOW PARTNERS, LLC",SORAYA SHEHATA - OWNER,Owner,Female,Black or African American,5
GREENLINE COMMUNITY VENTURES LLC,KELLY MORSE - VICE-PRESIDENT,Leader,Female,Black or African American,5
"GRISHAM BROS., LLC",CHUNJIE SUN - PRESIDENT,Leader,Male,Black or African American,2
"Group Delta Consultants, Inc.",MICHAEL D READER - CEO,Leader,Male,Black or African American,2
"Growith, Inc.",AUNG OO - CHIEF EXECUTIVE OFFICER,Leader,Male,Black or African American,2
"GTG SOLUTIONS, INC.",ANNA HAND - PRESIDENT,Leader,Female,Black or African American,5
"GUARANTEED SYSTEMS, INCORPORATED",JUDY WHITE - PRESIDENT,Leader,Female,Black or African American,5
Guard Force Inc,LESLIE WHITTLE NADY - CHIEF EXECUTIVE OFFICER,Leader,Female,Black or African American,5
"Guardian Companies, Inc.",NONA J CUNANE - CHB-PRES,Leader,Female,Black or African American,5
"Guardian Construction Co., Inc.",NONA J CUNANE - CHB-PRES,Leader,Female,Black or African American,5
"Guardian Eagle Security, Inc.",HASSAN M GALAL - CHIEF EXECUTIVE OFFICER,Leader,Male,Black or African American,2
Gwr Safety Systems Inc.,CLAUDIA GAST - CHIEF EXECUTIVE OFFICER,Leader,Female,Black or African American,5
H K Z Enterprises Inc,KOKO KRUMIAN - PRES,Leader,Male,Black or African American,2
H.HENDYASSOCIATES,HEIDI HENDY - PRESIDENT,Leader,Female,Black or African American,5
"HALL BENEFITS LAW, LLC",ANNE TYLER HAMBY - PRINCIPAL,Leader,Female,Black or African American,5
"Hamadeh Educational Services, Inc.",NAWAL HAMADEH - PRESIDENT,Leader,Female,Black or African American,5
Hard Drywall,DEBORAH HARD - PARTNER,Leader,Female,Black or African American,5
Hbs National Corporation,JASON YOO - PRES-CEO,Leader,Male,Black or African American,2
HEARTLAND ENERGY PARTNERS LLC,JOHN ENGLISH - MBR,Leader,Male,Black or African American,2
Heartworks Inc,DIANE ROONEY - PRESIDENT,Leader,Female,Black or African American,5
Helm Paint and Supply Inc.,JOSEPH HELM - V PRES,Leader,Male,Black or African American,2
HEMA RUPNARAIN CPA PA,HEMA RUPNARAIN - PRIN,Leader,Male,Black or African American,2
"Heritage Healthcare Holdings, Inc.",GINA FOX - PRESIDENT,Leader,Female,Black or African American,5
"HIGH SPIRITS, INC.",ODELL BORG - PRESIDENT,Leader,Male,Black or African American,2
HOGAN ANJANETTE MD INC,ANJANETTE HOGAN - OWNER,Owner,Female,Black or African American,5
Holo Pundits Inc.,VINOD DEGA - CHIEF EXECUTIVE OFFICER,Leader,Male,Black or African American,2
Home Health Services Inc,BRADLEY G LAST - PRES-CEO,Leader,Male,Black or African American,2
Home Instead Senior Care,BOBBI BOLES - PRESIDENT,Leader,Female,Black or African American,5
HOPEWELL MEMORIAL GARDENS INC,GLENDA K HANEY - PRESIDENT,Leader,Female,Black or African American,5
HOSS LAND SERVICES LLC,CLIFF HOSS - OWNER,Owner,Male,Black or African American,2
Housing Solutions Alliance LLC,DANIEL STRANGE - PRES,Leader,Male,Black or African American,2
"HOUSTON SEAFOOD COMPANY, LTD.",SHANE ISLAM - MBR,Leader,Male,Black or African American,2
Hti Inc,HANS HAZEN - PRESIDENT,Leader,Male,Black or African American,2
"HUDSON'S CORNER ANIMAL HOSPITAL, LLC",LINDA WHITE - OWNER,Owner,Female,Black or African American,5
"Hummus On 6th, LLC",DAVE PESSO - PRES,Leader,Male,Black or African American,2
"Hytec Dealer Services, Inc.",ERIC AUMAN - PRESIDENT,Leader,Male,Black or African American,2
I M A TRANS LLC,NAGWA ABDELRAHIM - MBR,Leader,Female,Black or African American,5
"I.D.S. Enterprises, Inc.",ANA-MARIA GRAVIS - PRESIDENT,Leader,Female,Black or African American,5
Iea Inc.,SHAKEEL AHMED - PRES-CEO,Leader,Male,Black or African American,2
"ILM PROFESSIONAL SERVICES, INC.",FARHANA AHMED - PRESIDENT,Leader,Female,Black or African American,5
"IMPEX GLS, INC.",KYUNG R JOO - PRES,Leader,Female,Black or African American,5
"Impirium Group, Inc.",RIM HAFEZ - PRESIDENT,Leader,Female,Black or African American,5
Indelible Business Solutions Inc,MICHAEL WHITE - PRINCIPAL,Leader,Male,Black or African American,2
"Indian Creek-Petra Jv, LLC",ALVIN HANEY - MEMBER,Leader,Male,Black or African American,2
"Indinero, Inc.",JESSICA MAH - CEO,Leader,Female,Black or African American,5
"INDUSTRIAL SAFETY COATINGS, LLC",DINA ONESTY - PRINCIPAL,Leader,Female,Black or African American,5
"INFINITE GLASS AND METAL, INC.",HAZUKI MOUNIER - PRESIDENT,Leader,Female,Black or African American,5
"Information Systems Security Solutions, Incorporated",BENNIE E MAGEE - CHIEF EXECUTIVE OFFICER,Leader,Male,Black or African American,2
"Inland Erosion Control Services, Inc",TODD CLOSE - PRESIDENT,Leader,Male,Black or African American,2
Innovative Premiums Inc,LINDA FOX - CHIEF EXECUTIVE OFFICER,Leader,Female,Black or African American,5
"INNOVATIVE REAL ESTATE STRATEGIES, LLC",BRANDY WHITE ELK - MEMBER,Leader,Female,Black or African American,5
Insurance Exchange International Inc,SAM GHANEM - CHIEF EXECUTIVE OFFICER,Leader,Male,Black or African American,2
"Intact Technology, Inc.",JESSE WHITE - CHIEF EXECUTIVE OFFICER,Leader,Male,Black or African American,2
"Integrity Business Solutions, Inc.",TERESA LAMAR - PRES-CEO,Leader,Female,Black or African American,5
"INTEGRITY GOLF, INC.",JADE WORK - CHIEF EXECUTIVE OFFICER,Leader,Female,Black or African American,5
"Integrity Management Consulting, Inc",MARY BETH ROMANI - CHIEF EXECUTIVE OFFICER,Leader,Female,Black or African American,5
"Interlake Industries, Inc.",LISA M HABE - PRES - CHB,Leader,Female,Black or African American,5
"Interlake Stamping of Ohio, Inc.",LISA M HABE - PRES,Leader,Female,Black or African American,5
"International Millennium Consultants, Inc.",ROSALYN BERNS - PRESIDENT,Leader,Female,Black or African American,5
Interstate Janitorial Inc,PHYLLIS M HIGHT - PRESIDENT,Leader,Female,Black or African American,5
"INTSTRUX, LLC",SANJIV MODY - PRESIDENT,Leader,Male,Black or African American,2
IPHONE REPAIRS VEGAS,NGA DO - CHIEF EXECUTIVE OFFICER,Leader,Female,Black or African American,5
"IRM INVESTMENTS, REAL ESTATE & MANAGEMENT, LLC.",MADALY SENIOR - MNG MEMBER,Leader,Female,Black or African American,5
Ist Inc.,MIKE AHMED - PRES-CEO,Leader,Male,Black or African American,2
J & H Oil Company,JERRY HOP - RES,Leader,Male,Black or African American,2
J F R Corporation,ELEANORE STRONG - PRESIDENT,Leader,Female,Black or African American,5
"J.A.D. Construction, Inc.",ALICIA WHITE - PRESIDENT,Leader,Female,Black or African American,5
"J.P. Hogan Coring & Sawing, Corp.",BERNADETTE HOGAN - PRESIDENT,Leader,Female,Black or African American,5
Jackpot Corporation,HELEN SO - CEO,Leader,Female,Black or African American,5
Jai Jai Mata Wyoming Hospitality Inc.,NORMAN ROCA - GEN MGR,Leader,Male,Black or African American,2
"JAMES WHITE ENTERPRISES, LLC",JAMES WHITE - MANAGING MEMBER,Leader,Male,Black or African American,2
"Japanese Weekend, Inc.",BARBARA WHITE - PRES,Leader,Female,Black or African American,5
"Javen Technologies, Inc.",VENKATESHWARLU KOTA - PRESIDENT,Leader,Male,Black or African American,2
"JAXON ENGINEERING AND MAINTENANCE, INC.",SCOTT WHITE - CHIEF EXECUTIVE OFFICER,Leader,Male,Black or African American,2
"JBI SCRAP PROCESSORS, INC.",EVET IMMORMINO - PRESIDENT,Leader,Female,Black or African American,5
JEM SIGN CORP.,TEDDY EID - CEO,Leader,Male,Black or African American,2
Jetion Solar (us) Corporation,JUERGEN FEHR - PRESIDENT,Leader,Male,Black or African American,2
"JILLY WF REAL ESTATE, LLC",JILL FIFE - MEMBER,Leader,Female,Black or African American,5
JSG SERVICES LLC,JERRY SCOTT GOODE - MEMBER,Leader,Male,Black or African American,2
"Jtg, Inc.",AHMED SHEHATA - CHIEF EXECUTIVE OFFICER,Leader,Male,Black or African American,2
Jumeira Medical Consulting Group LP,HANAN AWAD - PARTNER,Leader,Female,Black or African American,5
"Justice Resource Institute, Inc.",ANDY POND - PRES,Leader,Male,Black or African American,2
"K3-Innovations, Inc.",ANIL MOGHA - EXECUTIVE DIRECTOR,Leader,Male,Black or African American,2
KAM CONSULTING,KRISTINA ARCURI MAHER - OWNER,Owner,Female,Black or African American,5
"KAREN WHITE INTERIOR DESIGN, INC.",KAREN WHITE - PRESIDENT,Leader,Female,Black or African American,5
Kathy Farah MD,KATHY FARAH - OWNER,Owner,Female,Black or African American,5
Kazanova Building Management Inc,GLORIA KAZANOVA - PRESIDENT,Leader,Female,Black or African American,5
"KELLY WHITE & ASSOCIATES INSURANCE, LLC",KELLY M WHITE - MANAGING MEMBER,Leader,Female,Black or African American,5
Kenlink Logistics Limited,ALEX ADOME - CHIEF EXECUTIVE OFFICER,Leader,Male,Black or African American,2
"KIER GIRLS, LLC",KIMI KIER NOAR - MEMBER,Leader,Female,Black or African American,5
KIMBERLY E FOX PLLC,KIMBERLY E FOX - MEMBER,Leader,Female,Black or African American,5
"KL INSTALLATION & SONS, INC.",TANYA HOGAN - PRESIDENT,Leader,Female,Black or African American,5
"Klb Construction, Inc.",KELLY BOSA - PRESIDENT,Leader,Female,Black or African American,5
"Kmm Technologies, Inc.",HIMA KOMARAGIRI - PRESIDENT,Leader,Male,Black or African American,2
Knowledge Momentum LLC,ANKUR RANA - MBR-COO,Leader,Male,Black or African American,2
"Komplete Systems Integrators, Inc.",KEVIN DOBY - CEO,Leader,Male,Black or African American,2
Kramer & Leonard Inc,MARY LEONARD FOX - CEO,Leader,Female,Black or African American,5
L & M Machining Corporation,MIKE MAI - PRESIDENT,Leader,Male,Black or African American,2
"L and M Enterprises, Inc.",LAWRENCE BEBO - PRESIDENT,Leader,Male,Black or African American,2
"L M N PRINTING COMPANY, INC.",NORA ALY - PRESIDENT,Leader,Female,Black or African American,5
"L. H. Land Painting Company, Inc.",JOYCE MAY - PRESIDENT,Leader,Female,Black or African American,5
"Laacke & Joys Company, LLC",MARSHA MATHER - MBR,Leader,Female,Black or African American,5
"Lacosta, Inc.",KARLA MOTA - PRES,Leader,Female,Black or African American,5
LAKESIDE CAPITAL CORPORATION,ROBERT G WHITE - CHB,Leader,Male,Black or African American,2
LAMAR VETERINARY CORPORATION,RACELLE LAMAR - OWNER,Owner,Female,Black or African American,5
"LAND PRO, INC.",JOHN MOODY - PRESIDENT,Leader,Male,Black or African American,2
"Law Offices of Krista L White & Associates, P.S.",KRISTA L WHITE - PRESIDENT,Leader,Female,Black or African American,5
"LDSD, LLC",A TODD MEROLLA - PRESIDENT,Leader,Female,Black or African American,5
Learning Disabilities Clinic,LYNNE MASTER - OWNER,Owner,Female,Black or African American,5
"Lee & Ro, Inc.",MYONG RO - CEO,Leader,Female,Black or African American,5
"LEGACY CONSULTING SERVICES, LLC",DONNA WHITE - PRINCIPAL,Leader,Female,Black or African American,5
LEGACY PROPERTY L.L.C.,DONNA WHITE - OWNER,Owner,Female,Black or African American,5
"LENTZCAPING, INC.",STEPHEN HAPP - VICE-PRESIDENT,Leader,Male,Black or African American,2
Liberty Cellular Inc.,ERIN MAHER - PRESIDENT,Leader,Female,Black or African American,5
"LIGHTS OUT MANAGEMENT, LLC",MICHAEL WHITE - MEMBER,Leader,Male,Black or African American,2
LILYBLUE LLC,SOMALI MOBY - MEMBER,Leader,Male,Black or African American,2
"Lina T. Ramey & Associates, Incorporated",LINA RAMEY - CHIEF EXECUTIVE OFFICER,Leader,Female,Black or African American,5
LLC ROOT HOUSE,MIMI MATHER - PRINCIPAL,Leader,Female,Black or African American,5
"LONE STAR UNIFORMS, INC.",CORINE D FOX - PRESIDENT,Leader,Female,Black or African American,5
LONESOME PRAIRIE FARM INC,NONA DANREUTHER - PRESIDENT,Leader,Female,Black or African American,5
"Lou Sobh Cerritos Saturn, Inc.",LOU SOBH - PRESIDENT,Leader,Female,Black or African American,5
"Lou Sobh Ford, Inc.",LOU M SOBH - PRESIDENT,Leader,Female,Black or African American,5
Lou Sobh Kia,LOU SOBH - OWNER,Owner,Female,Black or African American,5
"M. Nasr & Partners, P.C.",MOE NASR - PRESIDENT,Leader,Male,Black or African American,2
"MACAN DEVE ENGINEERS, D.P.C.",DONNA HAGER - PRESIDENT,Leader,Female,Black or African American,5
"Mad Food, Inc.",MARIA M DABOUR - PRES-TREAS,Leader,Female,Black or African American,5
"Madone, Inc.",NANCY CLOSE - PRESIDENT,Leader,Female,Black or African American,5
Madonna Construction Co,DORRIS MADONNA - OWNER,Owner,Female,Black or African American,5
"Madonna Inn, Inc.",PHYLLIS MADONNA - CHIEF EXECUTIVE OFFICER,Leader,Female,Black or African American,5
Mahomed Sales & Warehousing LLC,YOUSUF MOHAMED - CHIEF EXECUTIVE OFFICER,Leader,Male,Black or African American,2
"MAI ENGINEERING SERVICES, INC",QUOC H MAI - PRESIDENT,Leader,Male,Black or African American,2
"MAJESTIC SOLUTIONS, INC.",GRACE N LO - PRESIDENT,Leader,Female,Black or African American,5
MARBLE ISLAND LLC,TREVOR SANDE - PRINCIPAL,Leader,Male,Black or African American,2
MARBLEHEAD ANIMAL HOSPITAL,SUZANNE MAHER - OWNER,Owner,Female,Black or African American,5
Marketplace Home Mortgage LLC,KEITH WHITE - CEO-PRES,Leader,Male,Black or African American,2
"MARTINO-WHITE PRINTING, INC.",NORMA WHITE - PRESIDENT,Leader,Female,Black or African American,5
"MASKELL PIPE & SUPPLY, INC.",SALMA BUSHALA - CEO,Leader,Female,Black or African American,5
MASS MEDIA OUTLET CORPORATION,ABYAZ MAHMUD - PRESIDENT,Leader,Male,Black or African American,2
"Massad Group, Inc",NAJWA MASSAD - MEMBER,Leader,Female,Black or African American,5
"Master, Steven",STEVEN MASTER - PRINCIPAL,Leader,Male,Black or African American,2
MAY BARBARA J ATTY,BARBARA J MAY - OWNER,Owner,Female,Black or African American,5
"MAY, JUDITH",JUDITH MAY - OWNER,Owner,Female,Black or African American,5
Mayor Transportation LLC,AZA SOLIMAN - OWNER,Owner,Female,Black or African American,5
Mc Donald's,ROSE SAWERS - OWNER,Owner,Female,Black or African American,5
MCS Burbank LLC,TAMARA MORA - MBR,Leader,Female,Black or African American,5
"Meccor Industries, Ltd.",JONATHAN ENG - PRESIDENT,Leader,Male,Black or African American,2
Medical Services of Northwest Florida Inc,EVA WHITE - PRESIDENT,Leader,Female,Black or African American,5
"MEDICAL UNIFORM MANUFACTURING, INC.",MUSTAFA EBRAHIM - PRESIDENT,Leader,Male,Black or African American,2
"Medi-Plex Health Care Professionals, L.L.C.",GLENDA WHITE - MNG MBR,Leader,Female,Black or African American,5
"MED-PLUS PHARMACY, INC.",SHABANA YASMIN - CHIEF EXECUTIVE OFFICER,Leader,Female,Black or African American,5
"Medtemps, Inc.",RICHARD FOX - PRESIDENT,Leader,Male,Black or African American,2
MEM INTERNATIONAL INC,TAE HYUN ROH - CHIEF EXECUTIVE OFFICER,Leader,Male,Black or African American,2
MERIDIAN HEALTHCARE PROVIDERS,DEANNA M MAY - OWNER,Owner,Female,Black or African American,5
"Metal Etching Technology Assoc, Inc",TINGLIANG SHI - PRES-TREAS,Leader,Female,Black or African American,5
"METAL SERVICE CENTER, INC",TERRANCE A MOODY - PRES-CEO,Leader,Male,Black or African American,2
METRO AIR SERVICES INC,APRIL S SPRING - PRESIDENT,Leader,Female,Black or African American,5
MGN INTERNATIONAL INC.,MAGDI NAGGAR - PRESIDENT,Leader,Male,Black or African American,2
MI NUEVO MUNDO CORP.,NORA OSPINI - PRESIDENT,Leader,Female,Black or African American,5
"Miami Quality Graphics, Inc.",RAFAEL FARAH - PRESIDENT,Leader,Male,Black or African American,2
"MICHELLE'S BILLING SERVICE, INC.",MICHELLE MORSE - PRESIDENT,Leader,Female,Black or African American,5
"MICHIANA TOOL RENTAL, INC.",ZOLTAN TISER - PRES,Leader,Male,Black or African American,2
"MID WEST TRADING, CO.",JANET MOODY - CHAIRMAN OF THE BOARD,Leader,Female,Black or African American,5
Milender White Construction Company,BRYON WHITE - PRES,Leader,Male,Black or African American,2
Milestone Technologies Inc.,NELSON ENG - PRES-CEO,Leader,Male,Black or African American,2
"MINI TECHNOLOGIES, LLC",SURASHREE RODE - MEMBER,Leader,Female,Black or African American,5
"Minted, Inc.",MARIAM NAFICY - CHIEF EXECUTIVE OFFICER,Leader,Female,Black or African American,5
Mirage Construction Services LLC,ISSAM KAOUD - PRES,Leader,Male,Black or African American,2
Mirror Lawn Turf Doctor Inc,HAMADA SHEHATA - PRESIDENT,Leader,Male,Black or African American,2
Mission Valley Power,RALPH GOODE - GENERAL MANAGER,Leader,Male,Black or African American,2
MOAK ASSOCIATES,CHERYL MOAK - OWNER,Owner,Female,Black or African American,5
"Mobile Dry Ice Blasting, Inc.",PATRICIA RAMEY - PRESIDENT,Leader,Female,Black or African American,5
"Mobile Fleet Service, Inc.",LAVONNE WHITE - PRESIDENT,Leader,Female,Black or African American,5
"Mobile Services International, LLC",JHAMIL BUENO ABDALA - CEO,Leader,Male,Black or African American,2
"Moca Systems, Inc.",SANDY HAMBY - PRESIDENT,Leader,Female,Black or African American,5
"Modern Parking, Inc.",MOHAMMED ISLAM - CEO,Leader,Male,Black or African American,2
"MODY ENTREPRENEURS, INC.",NIMISH MODY - PRESIDENT,Leader,Male,Black or African American,2
"MONTEAU, INC.",JIYA A YOO - CEO,Leader,Female,Black or African American,5
MOODY BROS INC,ELIZABETH MOODY - PRESIDENT,Leader,Female,Black or African American,5
"Moody-Nolan, Inc.",CURTIS J MOODY - CEO,Leader,Male,Black or African American,2
"Moody's Electric, Inc.",LINDA W MOODY - PRESIDENT,Leader,Female,Black or African American,5
MOODYS HARDWARE LLC,TRENT MOODY - MEMBER,Leader,Male,Black or African American,2
"MOON AND LOLA, INC.",KELLY SHATAT - PRESIDENT,Leader,Female,Black or African American,5
Mooney Farms,MARY MOONEY - PRESIDENT,Leader,Female,Black or African American,5
"MOONEY INDUSTRIES PRECISION MACHINING, INC.",ALAN MOONEY - CHIEF FINANCIAL OFFICER,Leader,Male,Black or African American,2
"Morlic Engineering, Corp.",ORLANDO MORA - PRESIDENT,Leader,Male,Black or African American,2
"MOVER DUDES, INC.",JONATHAN EYE - PRINCIPAL,Leader,Male,Black or African American,2
Mr G'S Contracting Services Inc,CHARLIE GANT - PRESIDENT,Leader,Male,Black or African American,2
"MURRAYVILLE VETERINARY CLINIC, INC.",JANE WHITE - OWNER,Owner,Female,Black or African American,5
Mutex Systems Inc.,MANOHAR MATTA - CHIEF EXECUTIVE OFFICER,Leader,Male,Black or African American,2
MW INTERNATIONAL VENTURES LLC,ROBERT MORCOS - CHIEF EXECUTIVE OFFICER,Leader,Male,Black or African American,2
"Mzm Foods, Inc.",ZAKARIA SAMAAN - CEO,Leader,Male,Black or African American,2
"NAN HAI (U.S.A.) CO., INC.",BETTY XUDONG SHI - PRESIDENT,Leader,Female,Black or African American,5
National Multiple Sclerosis Society Greater New England Chapter,ARLYN WHITE - PRESIDENT,Leader,Female,Black or African American,5
"NATIONAL PROGRESSIVE LOGISTICS, L.L.C.",JOE ENGLISH - CHIEF EXECUTIVE OFFICER,Leader,Male,Black or African American,2
"Naturopathica Holistic Health, Inc.",BARBARA CLOSE - CHIEF EXECUTIVE OFFICER,Leader,Female,Black or African American,5
Ncai,JACQUELINE JOHNSON PATA - DIRECTOR,Leader,Female,Black or African American,5
NETBRANDS MEDIA CORP.,MASHNOON AHMED - PRESIDENT,Leader,Male,Black or African American,2
"New Chef Fashion, Inc.",G LUCIEN SALAMA - PRESIDENT,Leader,Male,Black or African American,2
"NEW LEARNING RESOURCES, INC.",NANCY NEW-BOYLL - PRESIDENT,Leader,Female,Black or African American,5
"New Vista Pac Operator, LLC",MYRA MAY - CHIEF EXECUTIVE OFFICER,Leader,Female,Black or African American,5
"New World Medical, Incorporated",A MATEEN AHMED - PRESIDENT,Leader,Male,Black or African American,2
"Newtex Industries, Inc",JERRY JOLIET - PRINCIPAL,Leader,Male,Black or African American,2
"Newtex Industries, Inc.",JEROME JOLIET - CEO,Leader,Male,Black or African American,2
"Nexus Pharmaceuticals, Inc.",MARIAM S DARSOT - PRESIDENT,Leader,Female,Black or African American,5
"NICHOLAS CONSTRUCTION SERVICES, INC.",TRACEY HELM - PRESIDENT,Leader,Female,Black or African American,5
"NORTHCREEK COMPLEX, LLC",ZAYA YOUNAN - PRESIDENT,Leader,Female,Black or African American,5
NORTHERN EQUIPMENT RENTALS LLC,KERRY START - PRESIDENT,Leader,Female,Black or African American,5
"Northern Family Farms, LLP",ASHLEY AHL - PARTNER,Leader,Female,Black or African American,5
NORTHWEST MINISTORAGE,JANETTE HABA - OWNER,Owner,Female,Black or African American,5
NORTHWEST RETIREMENT INC,MARY K ROPER - PRESIDENT,Leader,Female,Black or African American,5
Noury Construction Co.,MICHEL NOURY - PRESIDENT,Leader,Male,Black or African American,2
"NPI MATERIALS, INC.",DAVID HEGGY - CHIEF EXECUTIVE OFFICER,Leader,Male,Black or African American,2
NPS EXPRESS INC.,JENNIFER SHI - PRESIDENT,Leader,Female,Black or African American,5
Nursing Resource Solutions LLC,DARREN WHITE - MEMBER,Leader,Male,Black or African American,2
Nutec Enterprises Inc,ROXANNA RAMEY - PRESIDENT,Leader,Female,Black or African American,5
"O S Holdings, Inc",PATRICIA BODAY - PRES,Leader,Female,Black or African American,5
Oasis Foods Inc.,WEDAD ANTON ABRUSLEY - PRESIDENT,Leader,Female,Black or African American,5
OASIS HOSPITALITY LLC,MOHAMMED ISLAM - PRINCIPAL,Leader,Male,Black or African American,2
"Ocala Inn Management, Inc.",YASMIN THARIANI - PRESIDENT,Leader,Female,Black or African American,5
Octagon Spa and Salon,JANELLE NAGY - PRESIDENT,Leader,Female,Black or African American,5
"Odyssey International, Inc.",WHITNEY MC BRIDE - PRESIDENT,Leader,Female,Black or African American,5
OHIO RENTAL OF MT. VERNON,ANGELINA MANER - VICE-PRESIDENT,Leader,Female,Black or African American,5
"OLGOONIK MACHINERY AND EQUIPMENT, LLC",MICHAEL MORA - PRESIDENT,Leader,Male,Black or African American,2
"Onda Life, Inc.",LUCA DEL BONO - CEO,Leader,Male,Black or African American,2
"ORAM TRADING, LTD.",ALICE MARO - PRESIDENT,Leader,Female,Black or African American,5
Orient Bancorporation,ERNEST GO - CHB-CEO,Leader,Male,Black or African American,2
ORIGINAL WOOD SEATING LLC,RAY SHI - VICE-PRESIDENT,Leader,Male,Black or African American,2
P and E Construction & Enola Contracting JV,ERIC HOGAN - PARTNER,Leader,Male,Black or African American,2
"Pac Machine Co., Inc.",MIRO S KESICH - CEO,Leader,Male,Black or African American,2
Pacific Coast Produce Inc.,CARLOS MAREZ - CHIEF EXECUTIVE OFFICER,Leader,Male,Black or African American,2
"PACIFIC HEALTH CLINIC, INC.",ARAH RANA - PRESIDENT,Leader,Female,Black or African American,5
PACIFIC WASHINGTON DC CORPORATION,CATHERINE LO - PRESIDENT,Leader,Female,Black or African American,5
"Pacific Western Painting & Construction, Inc.",TONY HADY - PRINCIPAL,Leader,Male,Black or African American,2
Pacific X Auto Corporation,BYUNG ROK DO - PRESIDENT,Leader,Male,Black or African American,2
"Pallet Central Enterprises, Inc.",SU SO-LONGMAN - CHIEF EXECUTIVE OFFICER,Leader,Female,Black or African American,5
"PAN AMERICAN GRAPHIC,INC.",MARTIN ROCA - PRESIDENT,Leader,Male,Black or African American,2
"Paramount Dairy, Inc.",ADIEL GOREL MANA - CEO,Leader,Male,Black or African American,2
"PARAMOUNT PRINTING, LLC",ALEX SOSA - OWNER,Owner,Male,Black or African American,2
Park Street Chevron Food Mart,OSAMA KHAZENDAR - OWNER,Owner,Male,Black or African American,2
"PARKERWHITE, INC.",CYNTHIA WHITE - PRESIDENT,Leader,Female,Black or African American,5
"Parmetech, Inc.",ANA FERNANDEZ PARMET - PRESIDENT,Leader,Female,Black or African American,5
"Paula P. White & Associates, Inc.",PAULA P WHITE - PRESIDENT,Leader,Female,Black or African American,5
Peeled Inc,NOHA WAIBSNAIDER - PRESIDENT,Leader,Female,Black or African American,5
"PERDUE VILLAGE, LTD.",HOLLY HAND - OWNER,Owner,Female,Black or African American,5
PERFECT GLASSWORKS LLC,MIKHAIL AN - MEMBER,Leader,Male,Black or African American,2
Personal Opinion Inc,MICHAEL J BODI - PRESIDENT,Leader,Male,Black or African American,2
Pharmascript of Michigan Inc,SHADIA TURFAH - PRESIDENT,Leader,Female,Black or African American,5
"PHOENIX DERMATOLOGY, LTD.",MARIA EL-CHARIF DDS - OWNER,Owner,Female,Black or African American,5
"PICO STORE EQUIPMENT COMPANY, INC.",CYNTHIA KIM SO - CHIEF EXECUTIVE OFFICER,Leader,Female,Black or African American,5
"PIEDMONT SPRINGS, INC",NINA BODY - PRESIDENT,Leader,Female,Black or African American,5
PLANT-A-PLANT CO.,LISBETH L PRINS - PRESIDENT,Leader,Female,Black or African American,5
"Plastpro 2000, Inc",FRANCO AN - CEO,Leader,Male,Black or African American,2
POINTWARD INC.,PETER HAGER - PRESIDENT,Leader,Male,Black or African American,2
"Poly-Med, Inc.",JOANNE SHALABY - PRES,Leader,Female,Black or African American,5
"Polywell Company, Inc.",CHIN LO - CHIEF EXECUTIVE OFFICER,Leader,Male,Black or African American,2
Pond Security Services LLC,DANIEL POND - MBR,Leader,Male,Black or African American,2
"PONTIFEX CONSULTING GROUP, LLC",PETER RONZA - PRINCIPAL,Leader,Male,Black or African American,2
Potomac Valley Properties Inc,SALLY NAVARINI - PRES,Leader,Female,Black or African American,5
Pragma Systems Inc,QUAMRUL MINA - CEO,Leader,Male,Black or African American,2
Prairie Knights Casino,EVERETT IRON EYES - GENERAL MANAGER,Leader,Male,Black or African American,2
"Precision Molding, Inc.",SARAH BOLES-BLACK - PRESIDENT,Leader,Female,Black or African American,5
"Precocity, LLC",BARRY FARAH - MEMBER,Leader,Male,Black or African American,2
Presidential Service Inc,JILLIAN DENT - PRESIDENT,Leader,Female,Black or African American,5
"PREVENTIVE DENTAL SERVICES, A PROFESSIONAL CORPORATION",SUSAN JEANNE POLIS - PRESIDENT,Leader,Female,Black or African American,5
Pro Health Medical Center LLC,JANE WHITE - PRESIDENT,Leader,Female,Black or African American,5
"Pro Search and Pro Temps, Inc.",JANET WHITE - PRES,Leader,Female,Black or African American,5
"PROACTIVE MANAGEMENT, INC.",MARY ROPER - PRINCIPAL,Leader,Female,Black or African American,5
"Professional Performance Development Group, Inc.",ANA MARIA LECEA - PRES,Leader,Female,Black or African American,5
PROFESSIONAL PLACEMENT OF POLK COUNTY LLC,DENA STELOER - OWNER,Owner,Female,Black or African American,5
Progress Investment Management Company,THURMAN WHITE - PRESIDENT,Leader,Male,Black or African American,2
"PROMISE PRIDE ENTERPRISES, INC.",MARY ELIZABETH WHITE - PRINCIPAL,Leader,Female,Black or African American,5
"PROTA, INC.",MICHELLE BORG - PRESIDENT,Leader,Female,Black or African American,5
"Pro-Tech Design & Manufacturing, Inc.",PAMELA MC MASTER - CHIEF EXECUTIVE OFFICER,Leader,Female,Black or African American,5
"Provident Development Group, Ltd.",ANA MARIA LECECA - PARTNER,Leader,Female,Black or African American,5
"PSI International, Inc.",TIMOTHY JOO - CEO,Leader,Male,Black or African American,2
"Public Financial Management, Inc.",F JOHN WHITE - PRES-CEO-CHB,Leader,Female,Black or African American,5
QOSTRONICS INC.,SHAWN DO - PRINCIPAL,Leader,Male,Black or African American,2
"Quad, Inc.",QUENTIN HODA - MGR,Leader,Male,Black or African American,2
Quadrus Sand Hill LLC,PEGGY LO - OWNER,Owner,Female,Black or African American,5
Quails Inn Dinner House,AMBER LOA - PRESIDENT,Leader,Female,Black or African American,5
"Quality Inn Lebanon, PA",PANKEJ SHAPH - OWNER,Owner,Male,Black or African American,2
QUETTAWALA INC,MARIAM H QUETTAWALA - PRESIDENT,Leader,Female,Black or African American,5
"R.A. GANT ENTERPRISES, LLC",ALINE GANT - MEMBER,Leader,Female,Black or African American,5
"R.N.A. of Ann Arbor, Incorporated",RANA FARHA - PRESIDENT,Leader,Male,Black or African American,2
R.S.P. Express Inc.,RAZVAN POP - PRESIDENT,Leader,Male,Black or African American,2
"R2 Logistics, Inc.",BEN GASE - CEO,Leader,Male,Black or African American,2
Rajbhog Foods(nj) Inc.,SANJIV MODY - PRESIDENT,Leader,Male,Black or African American,2
"RAMTECH OVERSEAS, INC.",OSAMA RAMADAN - PRESIDENT,Leader,Male,Black or African American,2
"RANA, INC.",GERALD RANA - CHIEF EXECUTIVE OFFICER,Leader,Male,Black or African American,2
Rancho California Landscaping,SAL MORA - PRESIDENT,Leader,Male,Black or African American,2
Rapa Nui Inc.,NOURY GOUJJANE - PRESIDENT,Leader,Female,Black or African American,5
"Ray Showman Jr. Excavating, Inc.",MARTHA SHOWMAN - PRESIDENT,Leader,Female,Black or African American,5
Rci Inc.,JAMIL SHALASH - PRES,Leader,Male,Black or African American,2
REALTY 50 INC,JOAN E WHITE - PRESIDENT,Leader,Female,Black or African American,5
"Reflow Medical, Inc.",ISA RIZK - CHIEF EXECUTIVE OFFICER,Leader,Female,Black or African American,5
REGENCY PROPERTY HOLDING INC,SALAH MEKKAWY - PRESIDENT,Leader,Male,Black or African American,2
REGENCY TITLE & ESCROW SVCS INC,ANH MAI - PRESIDENT,Leader,Female,Black or African American,5
"REGIONAL PHYSICAL THERAPY, INC.",VUCH ANAN - PRESIDENT,Leader,Male,Black or African American,2
Resource International,FARAH MAJADZADEH - PRESIDENT,Leader,Female,Black or African American,5
"Resourcesoft, Inc.",ANITA RANA - PRESIDENT,Leader,Female,Black or African American,5
"Rev Worldwide, Inc.",ROY SOSA - CEO,Leader,Male,Black or African American,2
"REWCO EXCAVATING, INC.",JERRY REW - OWNER,Owner,Male,Black or African American,2
"RICHARD FOX CONTRACTOR, INC.",RICHARD FOX - PRESIDENT,Leader,Male,Black or African American,2
"RICHARD POLA & ASSOCIATES, INC.",RICHARD M POLA - CHIEF EXECUTIVE OFFICER,Leader,Male,Black or African American,2
Rio Grande Pump & Supply Co.,CHERYL FOX - PRESIDENT,Leader,Female,Black or African American,5
"RIO GRANDE VALLEY ABSTRACT COMPANY, INC.",JOAN WHITE - PRESIDENT,Leader,Female,Black or African American,5
RITE PROS INC,MANO HARBANDLA - PRINCIPAL,Leader,Male,Black or African American,2
"RKAA BUSINESS, LLC",ALBERT ROHE - PRESIDENT,Leader,Male,Black or African American,2
ROCHESTER SIGN SHOP INC.,MOE SAYED - PRESIDENT,Leader,Male,Black or African American,2
Rocky Mountain Flagging Inc,MONA BODANESS - PRESIDENT,Leader,Female,Black or African American,5
"Roco Drilling and Service, Inc.",POLLY ROWAN - PRESIDENT,Leader,Female,Black or African American,5
Rogy's Gingerbread House Inc,RAE ROGY - CHIEF EXECUTIVE OFFICER,Leader,Female,Black or African American,5
"Rogy's Gingerbread House, Inc",RAE JEANNE ROGY - PRES,Leader,Female,Black or African American,5
RON WHITE INSURANCE AGENCY,RON WHITE - OWNER,Owner,Male,Black or African American,2
"Ron White's Air Compressor Sales, Inc.",KELLY WHITE - PRESIDENT,Leader,Female,Black or African American,5
"RONAN POWER PRODUCTS, INC.",J SHANE SHIMA - PRESIDENT,Leader,Female,Black or African American,5
"ROTH & WHITE, A.C.",DENISE WHITE - MANAGING PARTNER,Leader,Female,Black or African American,5
"ROYAL OAK PEDIATRIC ASSOCIATES, INC.",ANITA HENLEY DO - OWNER,Owner,Female,Black or African American,5
RUSHIN TAILOR,TRICIA MAGEE - OWNER,Owner,Female,Black or African American,5
S & A MANAGEMENT INC.,ALA M ELSADEK - PRESIDENT,Leader,Male,Black or African American,2
"S D R Coating Company, Inc",DENISE WHITE - CHIEF EXECUTIVE OFFICER,Leader,Female,Black or African American,5
S. ALY CORP.,SHEHATA ALY - PRESIDENT,Leader,Male,Black or African American,2
SA Engineering LLC,SYED ASHRAF - GENERAL MANAGER,Leader,Male,Black or African American,2
SABA'S LIMO INC.,SABAH ALNASSARY - CHIEF EXECUTIVE OFFICER,Leader,Female,Black or African American,5
"Saddlebrook Construction, Inc.",DON WHITE - PRESIDENT,Leader,Male,Black or African American,2
"Safe Plating, Inc.",MAGDY SEIF - PRESIDENT,Leader,Male,Black or African American,2
Sage Acquisitions LLC,RENEE DONA - MEMBER,Leader,Female,Black or African American,5
"Saiful/Bouquet Consulting Structural Engineers, Inc.",SAIFUL ISLAM - CEO,Leader,Male,Black or African American,2
Sally Andriamiarisoa,SALLY ANDRIAMIARISOA - OWNER,Owner,Female,Black or African American,5
"Samm Solutions, Inc.",USAMA M ABUNADI - CEO,Leader,Male,Black or African American,2
SAN DIEGO ICE COMPANY INC,JANAN TOMA - PRESIDENT,Leader,Male,Black or African American,2
San Dieguito Engineering Inc,IVAN FOX - PRESIDENT,Leader,Male,Black or African American,2
"SARAH ZONE, INC.",TAE H YOO - CHIEF EXECUTIVE OFFICER,Leader,Male,Black or African American,2
"SCHGO ENGINEERED PRODUCTS, INC.",YONH MING GO - PRESIDENT,Leader,Male,Black or African American,2
"Science Systems and Applications, Inc.",OM P BAHETHI - CEO,Leader,Female,Black or African American,5
SEABOARD ALLERGY CLINIC,HANA KIROLLOS - OWNER,Owner,Female,Black or African American,5
Seafar Inc,DENISE MOODY - PRESIDENT,Leader,Female,Black or African American,5
"Seafood Wholesalers, Ltd.",SHANE ISLAM - GENERAL PARTNER,Leader,Male,Black or African American,2
"Seat Planners, LLC",VERONICA SOSA - PRINCIPAL,Leader,Female,Black or African American,5
Seed Daycare,ELLA MAHMOUD - PRESIDENT,Leader,Female,Black or African American,5
"Seedling Usa, Inc.",PHOEBE HAYMAN - CEO,Leader,Female,Black or African American,5
"Sela Roofing and Remodeling, Inc.",PAZ SELA - PRES-TREAS,Leader,Female,Black or African American,5
"Selex, Inc.",JULIE BORG - CEO,Leader,Female,Black or African American,5
Senior Silverado Living Holdings Inc,LOREN B SHOOK - CHIEF EXECUTIVE OFFICER,Leader,Female,Black or African American,5
Sentinel Industries Inc,PARALEE WHITE - PRES,Leader,Female,Black or African American,5
"SERVICE MERCHANTS, INC.",DIANA FOX - PRESIDENT,Leader,Female,Black or African American,5
"SEWER & STORM MAINTENANCE, LLC",CLYDE GASSER - MEMBER,Leader,Male,Black or African American,2
"Shames Construction Company, Ltd.",CAROLYN A SHAMES - PRESIDENT,Leader,Female,Black or African American,5
Shiloh Home Care,KATIE MOODY - PRES,Leader,Female,Black or African American,5
"SHIMA LIMOUSINE SERVICES, INC.",GEORGE SHIMA - PRESIDENT,Leader,Male,Black or African American,2
SHIRLEY LO,SHIRLEY LO - OWNER,Owner,Female,Black or African American,5
Sierra Crest Assisted Living Inc,SUE WHITE - PRESIDENT,Leader,Female,Black or African American,5
SIFFERLIN ANIMAL CLINIC INC,SALLY SIFFERLIN - PRESIDENT,Leader,Female,Black or African American,5
"SIGMA PNEUMATICS, INC.",BO-KYONG D KIM - PRESIDENT,Leader,Male,Black or African American,2
"Sigma Supply of North America, Inc.",MAGGIE HAMBY - PRES,Leader,Female,Black or African American,5
SILENCE LINES LLC,FLORIN CEAD - CHIEF EXECUTIVE OFFICER,Leader,Male,Black or African American,2
"Sillage, LLC",NICOLE MATHER - CHIEF EXECUTIVE OFFICER,Leader,Female,Black or African American,5
"Silverado Bellingham, LLC",LOREN SHOOK - CHIEF EXECUTIVE OFFICER,Leader,Female,Black or African American,5
"SIMBAD'S BIRDS & PETS, LLC",HELGA ONA - OWNER,Owner,Female,Black or African American,5
"Simple Luxuries, LLC",HEATHER TIGER - MEMBER,Leader,Female,Black or African American,5
Siri Infosolutions Inc,HEMA ARUMILLI - PRESIDENT,Leader,Male,Black or African American,2
"SKY HOSPITALITY, LLC",JUSTIN SO - VICE-PRESIDENT,Leader,Male,Black or African American,2
"SKYLINE BUILDERS & RESTORATION, INC.",SALLY COHILL - PRESIDENT,Leader,Female,Black or African American,5
SMOKERS CHOICE INC,DAVID NAGL - PRESIDENT,Leader,Male,Black or African American,2
"SNOW KREILICH ARCHITECTS, INC.",JULIE SNOW - PRESIDENT,Leader,Female,Black or African American,5
"SNOW WELL SERVICE, INC.",CANDI SNOW - PRESIDENT,Leader,Female,Black or African American,5
"Sobh, Lou Pontiac Buick GMC Inc",LOU SOBH - PRESIDENT,Leader,Female,Black or African American,5
"Soft Tech Consulting, Inc.",CHRISTINE DO - PRESIDENT,Leader,Female,Black or African American,5
"Solution Data Systems, Inc.",DEBRA ROWAN - PRESIDENT,Leader,Female,Black or African American,5
SOMA CONSTRUCTION INC,NORDEEN SOMA - PRESIDENT,Leader,Male,Black or African American,2
"SOO, KIM KARATE CHA YOU RYU",KIM SOO - OWNER,Owner,Female,Black or African American,5
"Southeastern Industrial Construction Company, Inc.",R W ROPER - PRESIDENT,Leader,Male,Black or African American,2
"Southern Hills Country Club Charitable Foundation, Inc.",SHELIA MAY - VICE-PRESIDENT,Leader,Female,Black or African American,5
Southernscapes Inc,ROY ROPER - PRESIDENT,Leader,Male,Black or African American,2
"Specialized Packaging Solutions, Inc.",KAREN BESSO - CHIEF EXECUTIVE OFFICER,Leader,Female,Black or African American,5
"Spring Dynamics, Inc.",THOMAS BOLES - PRESIDENT,Leader,Male,Black or African American,2
SRK Systems Inc.,HEMA KANURU - PRESIDENT,Leader,Male,Black or African American,2
"SS FINISH GRADING, INC.",SHERRY L SWEAT - PRESIDENT,Leader,Female,Black or African American,5
St Therese Apartments Inc,BARB RODE - CEO,Leader,Female,Black or African American,5
"ST. JOHN AUTO & HOME CENTER, INC.",MARILYN MONOS - PRESIDENT,Leader,Female,Black or African American,5
STARBOARD TRADING CO INC,NOEMI BON - PRESIDENT,Leader,Female,Black or African American,5
"Sterling 5, Inc.",CHAITHANYA SAMA - PRESIDENT,Leader,Male,Black or African American,2
"STI Electronics, Inc.",DAVID E RABY - PRESIDENT,Leader,Male,Black or African American,2
"STRAIGHT LINE IMPORTS, INC.",BONNIE FOX - CHIEF EXECUTIVE OFFICER,Leader,Female,Black or African American,5
STROHMIER CONSULTING LLC,HALA STROHMIER - SALES AND MARKETING EXECUTIVE,Leader,Female,Black or African American,5
"Strong Structural Steel, Ltd.",LAMAR STRONG - PRESIDENT,Leader,Female,Black or African American,5
Sudhko Inc.,HEMA ARUMILLI - PRESIDENT,Leader,Male,Black or African American,2
SUMMIT HOSPITALITY LLC,MOHAMMED ISLAM - MANAGING PARTNER,Leader,Male,Black or African American,2
Summit Realty Group Inc,CYNTHIA A MANNO - PRES,Leader,Female,Black or African American,5
Sun Innovations Inc.,TED SUN - PRESIDENT,Leader,Male,Black or African American,2
Sunbridge Care & Rehabilitation For North Conway Inc,BARBARA WHITE - PRESIDENT,Leader,Female,Black or African American,5
"Sunco, Inc.",DAVID SUN - PRESIDENT,Leader,Male,Black or African American,2
"SUNDOWNER STATION, INC.",JUDY BATY - PRESIDENT,Leader,Female,Black or African American,5
"SUNFLOWER VEGETABLE OIL, INC.",KAREN LO - PRESIDENT,Leader,Female,Black or African American,5
Sunny View Nursing Home Inc,PATRICIA MIGA - PRESIDENT,Leader,Female,Black or African American,5
"SUNSHINE ELECTRICAL SERVICES, INC",RUTHIE ELLEBY - CHIEF EXECUTIVE OFFICER,Leader,Female,Black or African American,5
"SURGEONS PREFERENCE, LLC",COLLIN BACK - MANAGING MEMBER,Leader,Male,Black or African American,2
"SUZANNE E. BIRD DDS, MS, PA",SUZANNE E BIRD - PRINCIPAL,Leader,Female,Black or African American,5
Sweat LLC,DON SWEAT - MNG MBR,Leader,Male,Black or African American,2
"Sweet Home Furniture Co., Inc.",MANAL M ALTAKAKHI - PRESIDENT,Leader,Female,Black or African American,5
System Dynamics International Incorporated,PAMELA BARRATT WHITE - CEO,Leader,Female,Black or African American,5
T D Water Street Co,THOMAS MAGEE - PRESIDENT,Leader,Male,Black or African American,2
TA SERVICES OF SOUTH CAROLINA LLC,CHRISTIAN BASSILY - MEMBER,Leader,Male,Black or African American,2
TACOMA/PIERCE COUNTY HABITAT FOR HUMANITY,MAUREEN FIFE - CHIEF EXECUTIVE OFFICER,Leader,Female,Black or African American,5
"Tandem Products, Inc.",AMANY HELMY - CEO,Leader,Female,Black or African American,5
TAXI FREIGHT LLC,TYRONE L ENGLISH - MEMBER,Leader,Male,Black or African American,2
"Tayyeba Farms, LLC",TAHER QUTUBUDDIN - MBR-PRES,Leader,Male,Black or African American,2
"TCC DISTRIBUTORS, INC.",KOOKIE MODY - PRESIDENT,Leader,Female,Black or African American,5
"TCR RAIL SYSTEMS, LLC",SANDRA RAMEY - MANAGING MEMBER,Leader,Female,Black or African American,5
TCS BUILDERS LLC,JERYL LOGE - OWNER,Owner,Male,Black or African American,2
"TCS Electronics, Inc.",RENEE STRONG - MGR,Leader,Female,Black or African American,5
"Techguard Security, L.L.C.",SUZANNE MAGEE - MNG MBR,Leader,Female,Black or African American,5
Technology Specialists Inc,LEE WHITE - PRESIDENT,Leader,Male,Black or African American,2
Telecare Corporation,ANNE BAKAR - CEO,Leader,Female,Black or African American,5
Telecare Corporation,ANNE L BAKAR - PRES-CEO,Leader,Female,Black or African American,5
TELECOMMUNICATION SOLUTIONS GROUP INC.,GEORGE GOODE - PRESIDENT,Leader,Male,Black or African American,2
"TENA TRUCKING, LLC",PEDRO TENA - MEMBER,Leader,Male,Black or African American,2
TENDERCARE CHILDREN'S CENTERS LLC,JENIFER WHITE - BR MGR,Leader,Female,Black or African American,5
"TEXAS AUTO DELIVERY, INC.",SANDRA SOSA - PRESIDENT,Leader,Female,Black or African American,5
"Texas Stress, Inc.",JONI HAGER - CEO,Leader,Male,Black or African American,2
The Alta Companies,AIDA MORA - PRESIDENT,Leader,Female,Black or African American,5
THE BANA BOTTLING CO LLC,BENJAMIN YOO - MEMBER,Leader,Male,Black or African American,2
The Bowa Group Inc.,NOSA EHIMWENMAN - PRESIDENT,Leader,Female,Black or African American,5
The Custom Group of Companies Inc,PATRICIA ROHE - CHIEF EXECUTIVE OFFICER,Leader,Female,Black or African American,5
The Dobbin House Inc,JACQUELINE WHITE - PRESIDENT,Leader,Female,Black or African American,5
The Fifth Alarm,KITTY HOGAN - OWNER,Owner,Female,Black or African American,5
The Goode Companies Inc,WILLIE K GOODE - PRES,Leader,Male,Black or African American,2
THE IMAGE OF CALIFORNIA INC,SUSAN YOO - CEO,Leader,Female,Black or African American,5
THE J F W CORPORATION,EVELYN WHITE - PRESIDENT,Leader,Female,Black or African American,5
THE MAHER CORPORATION,STEVEN T MAHER - PRESIDENT,Leader,Male,Black or African American,2
The Mansour Travel Company Inc,KAY MANSOUR - CHIEF EXECUTIVE OFFICER,Leader,Female,Black or African American,5
"THE MARCUSE COMPANIES, INC.",SYNDEY ENGLISH - PRESIDENT,Leader,Male,Black or African American,2
The Oregon Spice Company,PATRICIA BODAY - PRES-SEC,Leader,Female,Black or African American,5
THE RABY COMPANIES INC,RALPH DAVID RABY - PRES-CEO,Leader,Male,Black or African American,2
THE REFINERY LLC,MARIAN WHITE - MEMBER,Leader,Female,Black or African American,5
The Shams Group Ltd,ZIA SHAMS - PRESIDENT,Leader,Male,Black or African American,2
The Tri-Cord Group,DIANNE WHITE - PRES,Leader,Female,Black or African American,5
"Theatre Services, Inc",SALLY L'HOMMEDIEU - PRESIDENT,Leader,Female,Black or African American,5
"THUNDERBIRD REAL ESTATE, INC.",STEVE NOREN - VICE-PRESIDENT,Leader,Male,Black or African American,2
TIMNA MANUFACTURING INCORPORATED,SHARON A NAGY - PRESIDENT,Leader,Female,Black or African American,5
"TIPPICANOE CAMPGROUND, INC.",DEBORAH FIFE - PRESIDENT,Leader,Female,Black or African American,5
"TLWLT, INC.",TAMARA WHITE - OWNER,Owner,Female,Black or African American,5
"Top-Tier Technologies, Inc.",KASHEF S MAHMUD - PRESIDENT,Leader,Male,Black or African American,2
"Totalpack, Inc.",NORA KWELLER - PRESIDENT,Leader,Female,Black or African American,5
TRACY MORSE,TRACY MORSE - OWNER,Owner,Female,Black or African American,5
Training Resources & Consulting Inc,KASEY MOREN - PRESIDENT,Leader,Female,Black or African American,5
"TRAMPOLINE DESIGN, LLC",AMANDA MAGEE - MANAGING MEMBER,Leader,Female,Black or African American,5
"Trans Global Communications, Inc.",SHIRLEY A WHITE - CEO,Leader,Female,Black or African American,5
"Trans Usa, Inc",TOOSI MONA - PRES,Leader,Female,Black or African American,5
"Trans-Continental Consultants, Inc.",SONA L BATHEJA - PRESIDENT,Leader,Female,Black or African American,5
"TRANSIT WIRELESS, LLC",MELINDA WHITE - CHIEF EXECUTIVE OFFICER,Leader,Female,Black or African American,5
"TRANSPOTRADE INERNATIONAL, INC.",IQBAL AHMED - PRESIDENT,Leader,Male,Black or African American,2
TRANSWORLD LOGISTICS GROUP INC LTD (INC),ZAID BARGHASH - PRESIDENT,Leader,Male,Black or African American,2
TRIBAL SUN BUS COMPANY LLC,JIANMING MAI - MEMBER,Leader,Male,Black or African American,2
TS Redneck Steakhouse Inc,TINA FEARS - ADMN,Leader,Female,Black or African American,5
TST COMPANY,CORRY MAGEE - PRESIDENT,Leader,Female,Black or African American,5
"Tunista Services, LLC",PAUL MAY - PRESIDENT,Leader,Male,Black or African American,2
"TYSON'S CONSTRUCTION, LLC",AJAZ C AHMED - MANAGING MEMBER,Leader,Male,Black or African American,2
"U.S. SEWING & VACUUMS, INC.",RAZZAK P EBRAHIM - CEO,Leader,Male,Black or African American,2
"Ubm Enterprise, Inc.",JENNIFER AN - PRES-CEO,Leader,Female,Black or African American,5
Ufx Holding I Corporation,VINCENT MAI - PRINCIPAL,Leader,Male,Black or African American,2
"UNISAN, LLC",JOANNA WHITE - MANAGING MEMBER,Leader,Female,Black or African American,5
"United Auto and Truck, Inc.",SUSIE BEBAWY - PRES,Leader,Female,Black or African American,5
"United Industries Group, Inc.",JAMES P MANSOUR - PRESIDENT,Leader,Male,Black or African American,2
"United Medical Imaging Healthcare, Inc.",MOOSA HEIKAL - PRESIDENT,Leader,Male,Black or African American,2
"United Recreation & Mobile Home Center, Inc.",DIANE WHITE - PRESIDENT,Leader,Female,Black or African American,5
"Urban Accessories, Inc.",KARENANNE J WHITE - CHIEF EXECUTIVE OFFICER,Leader,Female,Black or African American,5
"US Patriot, LLC",PAUL YOO - PRES,Leader,Male,Black or African American,2
VALDES LLC,SHAHIR AHMED - MEMBER,Leader,Male,Black or African American,2
"Valley Industrial Rubber Products Co., Inc.",BARRY HELM - CHAIRMAN OF THE BOARD,Leader,Male,Black or African American,2
"Valley Transport, Inc.",FAIZA MOHAMED - CHIEF EXECUTIVE OFFICER,Leader,Female,Black or African American,5
Vdart Inc,SYED AHMED - CHIEF EXECUTIVE OFFICER,Leader,Male,Black or African American,2
VELENDO INC,VINCENT DO - CEO PRES,Leader,Male,Black or African American,2
"V-Empower, Inc.",ABDUL SHUKOOR AHMED - CHIEF EXECUTIVE OFFICER,Leader,Male,Black or African American,2
Ventois Inc.,SUMAN KOTA - OFFICER,Leader,Male,Black or African American,2
VIAN SHIPPING INC.,NANCY DEW - PRESIDENT,Leader,Female,Black or African American,5
"Vigene Biosciences, Inc.",ZAIREN SUN - PRES,Leader,Female,Black or African American,5
Virpie Inc.,SHRE THAMMANA - PRESIDENT,Leader,Male,Black or African American,2
"Vixen Construction, Inc",RITA FOX - PRESIDENT,Leader,Female,Black or African American,5
"Vna Health Resources, Inc.",JOANNA WHITE - MGR,Leader,Female,Black or African American,5
VNT IMEX INC,DUC T MAI - PRESIDENT,Leader,Male,Black or African American,2
Vpv Transport LLC,JOSE BOSSI - PRESIDENT,Leader,Male,Black or African American,2
"VUESSENCE, INC.",MAHA SALLAM - PRESIDENT,Leader,Female,Black or African American,5
"WAIT MECHANICAL, INC.",GLADYS WAIT - PRESIDENT,Leader,Female,Black or African American,5
WANDA C DOBY,WANDA DOBY - OWNER,Owner,Female,Black or African American,5
Wank Adams Slavin Associates LLP,HARRY SPRING - PARTNER,Leader,Male,Black or African American,2
West Michigan Flocking & Assembly LLC,MELVIN FOX - PRESIDENT,Leader,Male,Black or African American,2
WEST RANGE FOREST PRODUCTS LLC,KENDRIC WAIT - MEMBER,Leader,Male,Black or African American,2
"WESTERN INTERNATIONAL ENTERPRISE, INC.",WILLIAM WOOSANG YOO - PRESIDENT,Leader,Male,Black or African American,2
"WESTLAKE CONSULTANTS, INC.",JUDITH A HANEY - PRESIDENT,Leader,Female,Black or African American,5
Whispering Winds Retirement,MARY ROPER - PRESIDENT,Leader,Female,Black or African American,5
White Coffee Corp.,CAROLE WHITE - CHAIRMAN OF THE BOARD,Leader,Female,Black or African American,5
"White Distribution & Supply, Inc.",MICHAEL WHITE - CEO,Leader,Male,Black or African American,2
WHITE ENTERPRISES,TODD W WHITE - PARTNER,Leader,Male,Black or African American,2
"White Eyes, Vanessa",VANESSA WHITE EYES - OWNER,Owner,Female,Black or African American,5
WHITE HOLDINGS TRUCKING LLC,CARLO WHITE - MEMBER,Leader,Male,Black or African American,2
WHITE INVESTMENTS INC,DEBORAH WHITE - CHIEF EXECUTIVE OFFICER,Leader,Female,Black or African American,5
"WHITE PHOENIX, LLC",MARK E WHITE - MNG MBR,Leader,Male,Black or African American,2
"WHITE TRANSPORTATION, INC.",MARY WHITE - PRESIDENT,Leader,Female,Black or African American,5
"WHITE TRUCK LINES, LLC",LAUREN WHITE - PRESIDENT,Leader,Female,Black or African American,5
"WHITE UNICORN, LLC",JOAN WHITE - OWNER,Owner,Female,Black or African American,5
"Wichita Tribal Enterprises, LLC",S ROBERT WHITE - PRESIDENT,Leader,Female,Black or African American,5
"Willimantic Waste Paper Co., Inc.",MARY LOU DE VIVO - PRES,Leader,Female,Black or African American,5
"Wire Cut Company, Inc.",SYDNEY OMAR - CHIEF EXECUTIVE OFFICER,Leader,Female,Black or African American,5
"Wirtz Quality Installations, Inc.",AMBER FOX - PRESIDENT,Leader,Female,Black or African American,5
"World Private Security, Inc.",FRED YOUSSIF - PRESIDENT,Leader,Male,Black or African American,2
"Wp Electric & Communications, Inc.",DEBRA ROONEY - PRESIDENT,Leader,Female,Black or African American,5
X COURAGE INC,DEBORAH WHITE - PRESIDENT,Leader,Female,Black or African American,5
"XIOLOGIX, L.L.C.",SHERYL W STILL - MEMBER,Leader,Female,Black or African American,5
"Younan Properties, Inc.",ZAYA S YOUNAN - PRES-CEO,Leader,Female,Black or African American,5
Your Child and Mine Early Educational Center,INDIA WHITE - DIRECTOR,Leader,Female,Black or African American,5
"Zantech It Services, Inc.",ZIAUL ISLAM - PRES-CEO,Leader,Male,Black or African American,2
"Zb Importing, Inc.",IBRAHIM ZIAD - PRES,Leader,Male,Black or African American,2
ZENITH RUGS LLC,JAN BARON SHAMES - MEMBER,Leader,Male,Black or African American,2
"Zepter International Usa, Inc",CHARLES ELTER - PRES,Leader,Male,Black or African American,2
Znalytics LLC,SUBASH SAMA - MEMBER,Leader,Male,Black or African American,2
